{
  "dataset_classes": {
    "class_4": 138,
    "class_3": 104,
    "class_2": 60,
    "class_5": 268,
    "class_0": 361,
    "class_1": 283
  },
  "dataset_val_size": 0.5,
  "model_name": "google/efficientnet-b0",
  "results": {
    "eval_loss": 1.2516427040100098,
    "eval_accuracy": 0.5551894563426688,
    "eval_precision": 0.6298080788795146,
    "eval_recall": 0.5551894563426688,
    "eval_f1": 0.55152159104296,
    "eval_runtime": 48.3098,
    "eval_samples_per_second": 12.565,
    "eval_steps_per_second": 12.565,
    "epoch": 30.0
  },
  "training_args": {
    "learning_rate": 5e-05,
    "num_train_epochs": 30,
    "weight_decay": 0.01
  }
}