{
  "dataset_classes": {
    "go": 205,
    "stop": 58,
    "warning_go": 9
  },
  "dataset_val_size": 0.5,
  "model_name": "google/efficientnet-b0",
  "results": {
    "eval_loss": 0.8907122015953064,
    "eval_accuracy": 0.6691176470588235,
    "eval_precision": 0.6929812834224599,
    "eval_recall": 0.6691176470588235,
    "eval_f1": 0.6681726546187631,
    "eval_runtime": 6.6432,
    "eval_samples_per_second": 20.472,
    "eval_steps_per_second": 20.472,
    "epoch": 10.0
  },
  "training_args": {
    "learning_rate": 5e-05,
    "num_train_epochs": 10,
    "weight_decay": 0.01
  }
}