{
  "dataset_classes": {
    "class_4": 138,
    "class_3": 104,
    "class_2": 60,
    "class_5": 268,
    "class_0": 361,
    "class_1": 283
  },
  "dataset_val_size": 0.5,
  "model_name": "google/efficientnet-b0",
  "results": {
    "eval_loss": 1.411232352256775,
    "eval_accuracy": 0.42668863261943984,
    "eval_precision": 0.36719288399683786,
    "eval_recall": 0.42668863261943984,
    "eval_f1": 0.32232615330566716,
    "eval_runtime": 47.8181,
    "eval_samples_per_second": 12.694,
    "eval_steps_per_second": 12.694,
    "epoch": 5.0
  },
  "training_args": {
    "learning_rate": 5e-05,
    "num_train_epochs": 5,
    "weight_decay": 0.01
  }
}