{
  "dataset_classes": {
    "class_4": 138,
    "class_3": 104,
    "class_2": 60,
    "class_5": 268,
    "class_0": 361,
    "class_1": 283
  },
  "dataset_val_size": 0.3,
  "model_name": "google/efficientnet-b0",
  "results": {
    "eval_loss": 1.2734540700912476,
    "eval_accuracy": 0.5342465753424658,
    "eval_precision": 0.6510985858176017,
    "eval_recall": 0.5342465753424658,
    "eval_f1": 0.5306009171567214,
    "eval_conf_matrix": [
      [
        49,
        2,
        4,
        2,
        42,
        3
      ],
      [
        1,
        75,
        1,
        0,
        1,
        1
      ],
      [
        4,
        3,
        4,
        2,
        3,
        1
      ],
      [
        1,
        2,
        1,
        22,
        11,
        0
      ],
      [
        0,
        9,
        0,
        7,
        22,
        1
      ],
      [
        6,
        37,
        22,
        0,
        3,
        23
      ]
    ],
    "eval_runtime": 28.7371,
    "eval_samples_per_second": 12.701,
    "eval_steps_per_second": 12.701,
    "epoch": 16.0
  },
  "training_args": {
    "learning_rate": 5e-05,
    "num_train_epochs": 16,
    "weight_decay": 0.01
  }
}