{"results":[
  {"name": "original",
    "dataset_classes": {
          "0": 361,
    "1": 283,
    "4": 138,
    "3": 104,
    "2": 60,
    "5": 268
    },
    "dataset_val_size": 0.15,
    "model_name": "google/efficientnet-b0",
    "results": [
      {
        "eval_loss": 0.3436785042285919,
        "eval_accuracy": 0.9398907103825137,
        "eval_precision": 0.9412826753231767,
        "eval_recall": 0.9398907103825137,
        "eval_f1": 0.9399240144213852,
        "eval_conf_matrix": [
          [
            19,
            0,
            0,
            0,
            0,
            0
          ],
          [
            1,
            16,
            0,
            0,
            1,
            0
          ],
          [
            0,
            0,
            41,
            1,
            0,
            0
          ],
          [
            1,
            1,
            1,
            42,
            1,
            0
          ],
          [
            0,
            0,
            0,
            3,
            50,
            1
          ],
          [
            0,
            0,
            0,
            0,
            0,
            4
          ]
        ],
        "eval_runtime": 0.0907,
        "eval_samples_per_second": 2016.577,
        "eval_steps_per_second": 132.235,
        "epoch": 20.0
      },
      {
        "dataset_classes": {
          "go": 283,
          "adjust _speed_and_warning": 104,
          "stop": 361,
          "warning": 60,
          "adjust_speed_and_go": 138,
          "lights_off": 268
        },
        "dataset_val_size": 0.15,
        "model_name": "google/efficientnet-b0",
        "results": {
          "eval_loss": 0.3528912365436554,
          "eval_accuracy": 0.9234972677595629,
          "eval_precision": 0.9273386158632061,
          "eval_recall": 0.9234972677595629,
          "eval_f1": 0.9245569356026806,
          "eval_conf_matrix": [
            [
              17,
              0,
              0,
              1,
              0,
              0
            ],
            [
              0,
              20,
              0,
              0,
              0,
              0
            ],
            [
              1,
              0,
              36,
              1,
              1,
              0
            ],
            [
              0,
              1,
              1,
              31,
              2,
              0
            ],
            [
              0,
              0,
              0,
              5,
              51,
              0
            ],
            [
              0,
              0,
              0,
              1,
              0,
              14
            ]
          ],
          "eval_runtime": 0.1011,
          "eval_samples_per_second": 1809.518,
          "eval_steps_per_second": 118.657,
          "epoch": 20.0
        },
        "training_args": {
          "learning_rate": 0.001,
          "num_train_epochs": 20,
          "weight_decay": 0.001
        }
      },
      {
        "eval_loss": 0.5061827301979065,
        "eval_accuracy": 0.8633879781420765,
        "eval_precision": 0.8645264116575593,
        "eval_recall": 0.8633879781420765,
        "eval_f1": 0.863769993522348,
        "eval_conf_matrix": [
          [
            10,
            0,
            1,
            0,
            0,
            0
          ],
          [
            0,
            22,
            0,
            0,
            0,
            0
          ],
          [
            0,
            0,
            38,
            4,
            0,
            0
          ],
          [
            1,
            0,
            3,
            37,
            4,
            1
          ],
          [
            0,
            0,
            0,
            6,
            42,
            2
          ],
          [
            0,
            0,
            0,
            1,
            2,
            9
          ]
        ],
        "eval_runtime": 0.0902,
        "eval_samples_per_second": 2027.995,
        "eval_steps_per_second": 132.983,
        "epoch": 20.0
      },
      {
        "eval_loss": 0.2902570962905884,
        "eval_accuracy": 0.9344262295081968,
        "eval_precision": 0.9361518550474548,
        "eval_recall": 0.9344262295081968,
        "eval_f1": 0.93459697286758,
        "eval_conf_matrix": [
          [
            9,
            1,
            0,
            0,
            1,
            0
          ],
          [
            1,
            30,
            0,
            0,
            0,
            0
          ],
          [
            0,
            0,
            35,
            0,
            1,
            0
          ],
          [
            0,
            0,
            0,
            35,
            3,
            0
          ],
          [
            0,
            0,
            0,
            3,
            51,
            0
          ],
          [
            1,
            0,
            0,
            0,
            1,
            11
          ]
        ],
        "eval_runtime": 0.0877,
        "eval_samples_per_second": 2086.996,
        "eval_steps_per_second": 136.852,
        "epoch": 20.0
      },
      {
        "eval_loss": 0.3578401207923889,
        "eval_accuracy": 0.8961748633879781,
        "eval_precision": 0.9055184613084857,
        "eval_recall": 0.8961748633879781,
        "eval_f1": 0.8968345793822214,
        "eval_conf_matrix": [
          [
            15,
            0,
            0,
            3,
            1,
            0
          ],
          [
            0,
            24,
            0,
            1,
            0,
            0
          ],
          [
            0,
            0,
            26,
            0,
            0,
            0
          ],
          [
            0,
            0,
            2,
            47,
            1,
            1
          ],
          [
            0,
            0,
            0,
            9,
            44,
            0
          ],
          [
            0,
            0,
            0,
            0,
            1,
            8
          ]
        ],
        "eval_runtime": 0.095,
        "eval_samples_per_second": 1926.523,
        "eval_steps_per_second": 126.329,
        "epoch": 20.0
      },
      {
        "eval_loss": 0.19660919904708862,
        "eval_accuracy": 0.9508196721311475,
        "eval_precision": 0.9539990064580229,
        "eval_recall": 0.9508196721311475,
        "eval_f1": 0.9510610749006956,
        "eval_conf_matrix": [
          [
            16,
            0,
            0,
            0,
            0,
            0
          ],
          [
            0,
            21,
            0,
            0,
            0,
            0
          ],
          [
            0,
            0,
            41,
            1,
            0,
            0
          ],
          [
            0,
            0,
            0,
            38,
            1,
            0
          ],
          [
            0,
            0,
            0,
            5,
            49,
            1
          ],
          [
            0,
            0,
            1,
            0,
            0,
            9
          ]
        ],
        "eval_runtime": 0.0896,
        "eval_samples_per_second": 2043.328,
        "eval_steps_per_second": 133.989,
        "epoch": 20.0
      }
    ],
    "training_args": {
      "learning_rate": 0.001,
      "num_train_epochs": 20,
      "weight_decay": 0.001
    }
  },
  {
    "name": "cropped",
  "dataset_classes": {
    "0": 286,
    "1": 283,
    "4": 138,
    "3": 104,
    "2": 60,
    "5": 268
  },
  "dataset_val_size": 0.15,
  "model_name": "google/efficientnet-b0",
  "results": {
    "eval_loss": 0.16214416921138763,
    "eval_accuracy": 0.9473684210526315,
    "eval_precision": 0.9487648413964203,
    "eval_recall": 0.9473684210526315,
    "eval_f1": 0.947311833765584,