{
   "dataset_classes": {
      "0": 401,
      "1": 399,
      "4": 387,
      "3": 337,
      "2": 404,
      "5": 398
   },
   "dataset_val_size": 0.15,
   "model_name": "google/efficientnet-b0",
   "results": {
      "eval_loss": 6.337745189666748,
      "eval_precision": 0.18634260372616915,
      "eval_recall": 0.22063037249283668,
      "eval_f1": 0.17088891579074317,
      "eval_conf_matrix": [
         [
            2,
            38,
            15,
            3,
            1,
            4
         ],
         [
            1,
            37,
            11,
            4,
            1,
            3
         ],
         [
            5,
            28,
            22,
            5,
            2,
            5
         ],
         [
            0,
            25,
            17,
            2,
            1,
            6
         ],
         [
            3,
            30,
            13,
            10,
            0,
            2
         ],
         [
            0,
            18,
            15,
            2,
            4,
            14
         ]
      ],
      "eval_runtime": 19.1395,
      "eval_samples_per_second": 18.235,
      "eval_steps_per_second": 1.149,
      "epoch": 30.0
   },
   "training_args": {
      "learning_rate": 0.0001,
      "num_train_epochs": 30,
      "weight_decay": 0.001
   }
}